DateTime;Media;Category/Gatra;Subcategory;Headline;Detail
202210101630;Merdeka;Politik;Konflik antar Pendukung Parpol Terkait Pemilu;Survei LSI Denny JA: Mayoritas Lulusan SD dan SMP Pilih Ganjar-Airlangga;101
202210101258;Merdeka;Politik;Konflik Kelompok Kepentingan di luar Paprpol;Jika Diminta Jokowi, Mardiono Ajukan Kader PPP Gantikan Dirinya  jadi Watimpres;102
202210071248;Merdeka;Politik;Konflik antar Pendukung Parpol Terkait Pemilu;Anies usai Bertemu AHY: Insya Allah Demokrat, NasDem, dan PKS Buat Aliran Baru;103
202210051650;Merdeka;Politik;Konflik antar Pendukung Parpol Terkait Pemilu;DPW NTT Usulkan Ganjar Pranowo jadi Capres 2024;104
202210051622;Merdeka;Politik;Konflik antar Pendukung Parpol Terkait Pemilu;Respons Airlangga soal PPP Berpeluang Keluar dari KIB ;105
202210051600;Merdeka;Politik;Konflik antar Pendukung Parpol Terkait Pemilu;Anies Terseret Kasus Formula E jadi Alasan PKS Tak Deklarasi Capres Bareng NasDem;106
202210051214;Merdeka;Politik;Konflik antar Pendukung Parpol Terkait Pemilu;Ditanya soal NasDem Deklarasi Anies Capres, Prabowo: Ini Hari Ulang Tahun TNI;107
202210051155;Merdeka;Politik;Konflik antar Pendukung Parpol Terkait Pemilu;PKB Kaget NasDem Deklarasi Anies Capres: Begitu Cepat Kayak Ada yang Nguber;108
202210050912;Merdeka;Politik;Konflik antar Pendukung Parpol Terkait Pemilu;Jakarta Banjir, PDIP: Anies Sedang Euforia Diusung jadi Capres NasDem;109
202210031402;Merdeka;Politik;Konflik antar Pendukung Parpol Terkait Pemilu;MA Tolak Kasasi Moeldoko Terkait Hasil KLB Demokrat Deli Serdang;110
202210051123;Mediajabar;Politik;Konflik Kelompok Kepentingan di luar Paprpol;Tak Penuhi Kuorum, Hak Interpelasi DPRD Subang Gagal Dilaksanakan;201
202209270740;Mediajabar;Politik;Konflik antar Pendukung Parpol Terkait Pemilu;HUT ke-21 Partai Demokrat di Subang Dirayakan dengan Meriah;202
202209241635;Medijabar;Politik;Konflik antar Pendukung Parpol Terkait Pemilu;Kader PAN Subang Popon Supriatin Bebas dari Tuduhan Ijazah Palsu;203
202209240231;Mediajabar;Politik;Konflik antar Pendukung Parpol Terkait Pemilu;Segera Daftar! Demokrat Subang Gelar Gerak Jalan Santai Gratis, Hadiah Utama Sepeda Motor;204
202209031551;Mediajabar;Politik;Konflik antar Pendukung Parpol Terkait Pemilu;Gelar Rakerda, Golkar Subang Optimis Raih 14 Kursi di Pileg 2024;205
202207271600;Mediajabar;Politik;Konflik antar Pendukung Parpol Terkait Pemilu;Golkar Subang Bereaksi, Pernyataan Haris Pertama Dinilai Provokatif dan Tendensius;206
202207201600;Mediajabar;Politik;Konflik antar Pendukung Parpol Terkait Pemilu;Legislator PKB Apresiasi Gotong Royong Warga NU di Subang;207
202207111002;Mediajabar;Politik;Konflik Kelompok Kepentingan di luar Paprpol;Idul Adha Tahun Ini, Partai Golkar Subang Kurban 5 Ekor Sapi dan 47 Ekor Domba;208
202207071712;Mediajabar;Politik;Konflik antar Pendukung Parpol Terkait Pemilu;PDIP Subang Terget Raih 14 Kursi di Pileg 2024;209
202206201600;Mediajabar;Politik;Konflik antar Pendukung Parpol Terkait Pemilu;Bahas Koalisi, PAN Subang Silaturahmi ke Kantor Golkar;210
202210071936;Jatengtoday;Politik;Konflik antar Pendukung Parpol Terkait Pemilu;Politikus Demokrat Lasmi Indaryani Sambut Baik Pertemuan Anies-AHY;301
202209271634;Jatengtoday;Politik;Konflik antar Pendukung Parpol Terkait Pemilu;Bawaslu Sarankan KPU Coret 355 Nama di Sipol;302
202209222346;Jatengtoday;Politik;Konflik antar Pendukung Parpol Terkait Pemilu;Bawaslu Ajukan 3 Permintaan ke Jokowi terkait Pemilu 2024;303
202209182054;Jatengtoday;Politik;Konflik Kelompok Kepentingan di luar Paprpol;Hendi Bakal ?Ditarik? Jadi Kepala LKPP, Ita Naik Jadi Wali Kota Semarang;304
202209161002;Jatengtoday;Politik;Konflik antar Pendukung Parpol Terkait Pemilu;Hadir di Rapimnas, Demokrat Kota Semarang Siap Jalankan Arahan Ketum;305
202209101207;Jatengtoday;Politik;Konflik antar Pendukung Parpol Terkait Pemilu;Demokrat Kota Semarang Gelar Tasyakuran Rayakan HUT Partai;306
202209071224;Jatengtoday;Politik;Konflik antar Pendukung Parpol Terkait Pemilu;Puan Maharani Gelar Safari Politik ke Sejumlah Pimpinan Parpol, Begini Tanggapan Ganjar Pranowo;307
202209061801;Jatengtoday;Politik;Konflik antar Pendukung Parpol Terkait Pemilu;Ada ASN dan Polisi di Jateng yang Namanya Masuk Dalam Daftar Anggota Partai Politik;308
202208131720;Jatengtoday;Politik;Konflik Kelompok Kepentingan di luar Paprpol;Mengadu ke Bawaslu, 80 Warga Tiba-tiba Tercantum sebagai Anggota Partai Politik;309
202209170749;Jatengtoday;Politik;Konflik Kelompok Kepentingan di luar Paprpol;"Pengamat Ramal Pemenang Pilpres 2024; yang Didukung Jokowi Menang";310
202210012132;jogjatribun;Politik;Konflik Kelompok Kepentingan di luar Paprpol;Gelar Diskusi Publik di Kota Yogya, Aktivis 98 Soroti Fenomena Polarisasi Anak Bangsa;401
202208141510;jogjatribun;Politik;Konflik Kelompok Kepentingan di luar Paprpol;Pemkot Yogya Berikan Pendidikan Politik untuk Perempuan;402
202207271603;jogjatribun;Politik;Konflik Kelompok Kepentingan di luar Paprpol;Kampanye Politik Boleh Masuk Kampus, Begini Respon Pakar Politik UGM;403
202207261247;jogjatribun;Politik;Konflik Kelompok Kepentingan di luar Paprpol;Edukasi Politik bagi Pemilih Pemula, Badan Kesbangpol DIY Luncurkan 4 Film Pendek;404
202207162031;jogjatribun;Politik;Konflik Kelompok Kepentingan di luar Paprpol;Sambut Pemilu 2024, Pemkot Yogyakarta Kampanyekan Politik Santun ke Tokoh Masyarakat;405
202206292138;jogjatribun;Politik;Konflik Kelompok Kepentingan di luar Paprpol;Bakesbangpol Gunungkidul Gencarkan Pendidikan Politik Masyarakat, Hadapi Pemilu 2024;406
202206292138;jogjatribun;Politik;Konflik Kelompok Kepentingan di luar Paprpol;Kesbangpol Kota Yogyakarta Beri Pendidikan Politik untuk Pelajar di SLB Negeri Pembina;407
202206161509;jogjatribun;Politik;Konflik Kelompok Kepentingan di luar Paprpol;Isu Politik Identitas Mulai Merebak Jelang Pemilu 2024, Nalar Kebhinnekaan Perlu Dirawat;408
202205111417;jogjatribun;Politik;Konflik Kelompok Kepentingan di luar Paprpol;Hindari Politik Transaksional, Penunjukan Penjabat Kepala Daerah Perlu Syarat Rekam Jejak;409
202111300557;jogjatribun;Politik;Konflik antar Pendukung Parpol Terkait Pemilu;Gerindra Buka Peluang Koalisi Dengan PDIP;410
202210130936;beritajatim;Politik;Konflik antar Pendukung Parpol Terkait Pemilu;Survei LSI Ganjar-Airlangga Teratas, Tetap Terbuka Peluang Diusung KIB;501
202210130858;beritajatim;Politik;Konflik antar Pendukung Parpol Terkait Pemilu;Fraksi Demokrat Dorong Khofifah Gandeng Emil di Pilgub Jatim 2024;502
202210130730;beritajatim;Politik;Konflik antar Pendukung Parpol Terkait Pemilu;Banner Bergambar Ketua DPC PKB Kabupaten Probolinggo Dirusak;503
202210122057;beritajatim;Politik;Konflik antar Pendukung Parpol Terkait Pemilu;Politisi Nasdem: Gagal Move-On Pilkada DKI, Muncul Anies-phobia;504
202210121835;beritajatim;Politik;Konflik antar Pendukung Parpol Terkait Pemilu;Baliho Ultah Golkar Terpampang di Jalanan Surabaya, Bikin Masyarakat Keheranan;505
202210121825;beritajatim;Politik;Konflik antar Pendukung Parpol Terkait Pemilu;Anies Sebagai Antitesa Jokowi;506
202210121523;beritajatim;Politik;Konflik antar Pendukung Parpol Terkait Pemilu;Warisi Pemikiran Cak Nur, Anies Baswedan Bukan Bapak Politik Identitas;507
202210131302;beritajatim;Politik;Konflik antar Pendukung Parpol Terkait Pemilu;Dukung Prabowo Jadi Presiden, Petani Jember Berharap Subsidi Berlanjut;508
202210131304;beritajatim;Politik;Konflik antar Pendukung Parpol Terkait Pemilu;Pengamat Sebut Jika Pasangan Ganjar-Airlangga Terwujud akan Terbentuk Pemerintahan Kuat;509
202210131207;beritajatim;Politik;Konflik antar Pendukung Parpol Terkait Pemilu;ARAS Jatim Siap Menangkan Anies Baswedan di 2024;510
202210240443;fixsnews;Politik;Konflik Kelompok Kepentingan di luar Paprpol;DPD PDIP Banten Bersama GNTI Resmikan Kebun Tanaman Pangan Di Cikeusal;601
202210210220;fixsnews;Politik;Konflik Kelompok Kepentingan di luar Paprpol;Ketua KPU Provinsi Banten Pantau Langsung Verifikasi Faktual 9 Parpol Baru;602
202210140052;fixsnews;Politik;Kebijakan Internasional;FIFA Tak Beri Sanksi Tragedi Kanjuruhan, Masyarakat Sipil Kirim Surat Keberatan;603
202209290014;fixsnews;Politik;Konflik antar Pendukung Parpol Terkait Pemilu;Partai Buruh Tolak Perda Kota Tangerang Nomor 5 Tahun 2022;604
202209111239;fixsnews;Politik;Konflik Kelompok Kepentingan di luar Paprpol;Pemerintah Selidiki Dugaan Wali Kota Cilegon Ikut Aksi Tolak Pendirian Gereja;605
202209080142;fixsnews;Politik;Konflik Kelompok Kepentingan di luar Paprpol;Dipanggil KPK, Anies Baswedan Beri Keterangan selama 11 Jam;606
202209072237;fixsnews;Politik;Konflik antar Pendukung Parpol Terkait Pemilu;Ini Alasan Partai Buruh Tolak Kenaikan BBM;607
202208111051;fixsnews;Politik;Konflik antar Pendukung Parpol Terkait Pemilu;DPD PDI Perjuangan Provinsi Banten Gelar Rakerda II;608
202210230702;fixsnews;Politik;Konflik Kelompok Kepentingan di luar Paprpol;Paripurna DPR Sahkan RUU Pemasyarakatan Jadi UU;609
202206280054;fixsnews;Politik;Konflik Kelompo Kepentingan di luar Parpol;Wali Kota Tangerang dan DPRD Sepakati Penetapan Raperda Protokoler;610
202210111930;beritasumut;Politik;Konflik antar Pendukung Parpol Terkait Pemilu;Bawaslu Umumkan Calon Panwaslu Kecamatan se Kabupaten Deli Serdang;701
202210031600;beritasumut;Politik;Konflik antar Pendukung Parpol Terkait Pemilu;Diberi Otoritas Oleh NasDem, Anies Beri Kode Sosok Cawapres Pilihannya;702
202210011830;beritasumut;Politik;Konflik antar Pendukung Parpol Terkait Pemilu;KPU Medan Gelar Rakor Pemutakhiran DPB, Ada Ditemukan Data Ganda;703
202209292030;beritasumut;Politik;Konflik antar Pendukung Parpol Terkait Pemilu;Menuju Pemilu 2024, KPU Deli Serdang Gelar Rakor Pemutakhiran DPB;704
202209231600;beritasumut;Politik;Konflik antar Pendukung Parpol Terkait Pemilu;Motivasi Para Politisi Perempuan Nawal Ingatkan Soal Pentingnya Wawasan, Pendidikan dan Cerdas Berpolitik;705
202209221800;beritasumut;Politik;Konflik antar Pendukung Parpol Terkait Pemilu;Pemerintah Terbitkan SKB Netralitas ASN dalam Pemilu 2024;706
202208191800;beritasumut;Politik;Konflik antar Pendukung Parpol Terkait Pemilu;Dedy Rahmayadi Minta Semua Pihak Terkait Pastikan Kesiapan Anggaran dan Data Pemilih;707
202208121700;beritasumut;Politik;Konflik antar Pendukung Parpol Terkait Pemilu;KPU Sumut Serahkan Potensi Data Pemilih Ganda, Gubernur Edy Rahmayadi Dukung Percepatan dan Koordinasi Terkait DPT Pemilu;708
202207051600;beritasumut;Politik;Konflik antar Pendukung Parpol Terkait Pemilu;Gubernur dan Ketua KPU Sumut Teken Kerja Sama Pemutakhiran Data Pemilih Berkelanjutan;709
202206131200;beritasumut;Politik;Konflik Kelompok Kepentingan di luar Paprpol;Bobby Nasution Realisasikan Janji Kampanye Bangun Jembatan Titi Dua Sicanang;710
202205061527;sumsel.tribunnews;Politik;Konflik Kelompok Kepentingan di luar Paprpol;Finansial Rumah Tangga Baik, Venna Melinda Ajak Ferry Irawan Terjun ke Politik, Siap Maju Caleg 2024;801
202110250802;sumsel.tribunnews;Politik;Konflik antar Pendukung Parpol Terkait Pemilu;Ustaz Yusuf Mansur di DPP Partai Golkar : 'Atas Izin Allah Golkar Bisa Jadi Pemenang Pilpres 2024';802
202109041012;sumsel.tribunnews;Politik;Konflik antar Pendukung Parpol Terkait Pemilu;PDIP Marah Besar Usai Partai Demokrat Sebut Megawati Gulingkan Gus Dur, Tuntut Minta Maaf;803
202105271532;sumsel.tribunnews;Politik;Konflik Kelompok Kepentingan di luar Paprpol;Rizieq Shihab Marah Besar dan Sakit Hati ke Bima Arya Karena Dianggap Dijadikan Panggung Politik.;804
202105151504;sumsel.tribunnews;Politik;Konflik Kelompok Kepentingan di luar Paprpol;Pesan Luhut Panjaitan ke Mahfud MD yang Penuh Makna, Begini Isinya;805
202105032035;sumsel.tribunnews;Politik;Konflik antar Pendukung Parpol Terkait Pemilu;Anak Angkat Cristiano Ronaldo, Martunis Kini Pilih Terjun ke Politik Gabung Partai Demokrat;806
202102240238;sumsel.tribunnews;Politik;Konflik antar Pendukung Parpol Terkait Pemilu;Mengintip 3 Pasangan yang Disebut Bakal Maju di Pilpres 2024 Prabowo-Puan Teratas Kalahkan Anies-AHY;807
202104151912;sumsel.tribunnews;Politik;Konflik antar Pendukung Parpol Terkait Pemilu;Polemik Dalam Desakan MLB PKB Disebut Berbeda dengan KLB Partai Demokrat, Cak Imin Harus Waspada;808
202104132202;sumsel.tribunnews;Politik;Konflik antar Pendukung Parpol Terkait Pemilu;Luhut Binsar Minta KPK Tak Jadi Alat Politik dan Kekuasaan;809
202102221206;sumsel.tribunnews;Politik;Konflik Kelompok Kepentingan di luar Paprpol;Anies Baswedan Dinilai Giring Ganesha Tak Mampu Tangani Banjir di Jakarta, Pasha Bela Gubernur DKI;810
202210042235;sumbarsatu;Politik;Konflik antar Pendukung Parpol Terkait Pemilu;Nasdem Pasbar Siap Menangkan Anies sebagai Presiden 2024;901
202209302109;Sumbarsatu;Politik;Konflik antar Pendukung Parpol Terkait Pemilu;Hasil Pemutakhiran Data, Pemilih di Agam Bertambah 8.217 Orang;902
202209232008;sumbarsatu;Politik;Konflik antar Pendukung Parpol Terkait Pemilu;Penda-ftar Jadi Calon Anggota Paswascam di Agam Sampai Hari Kedua Baru 73 Orang;903
202209200036;sumbarsatu;Politik;Konflik antar Pendukung Parpol Terkait Pemilu;Pileg 2024 PAN Agam Targetkan 10 Kursi di DPRD Agam;904
202202071114;kabarsumbar;Politik;Konflik antar Pendukung Parpol Terkait Pemilu;PAN Resmi Usulkan Ekos Albar Jadi Wawako Padang;905
202202031511;kabarsumbar;Politik;Konflik Kelompok Kepentingan di luar Paprpol;DPRD Kota Solok Fokus Kawal Hak Angket Penyempurnaan APBD 2022;906
202201171037;kabarsumbar;Politik;Konflik antar Pendukung Parpol Terkait Pemilu;Partai Bulan Bintang Kota Solok Gelar Konsolidasi Jelang Verifikasi KPU;907
202110282017;kabarsumbar;Politik;Konflik antar Pendukung Parpol Terkait Pemilu;Wabup Solok Bantah Tudingan Mahar Politik Jelang Pilkada 2020;908
202109021345;kabarsumbar;Politik;Konflik Kelompok Kepentingan di luar Paprpol;30 Calon Komisioner KPID Sumbar Hadapi Ujian Tulis;909
202105101443;kabarsumbar;Politik;Konflik antar Pendukung Parpol Terkait Pemilu;PKS Ajukan Muharlion dan Mulyadi Muslim Isi Kursi Wawako Padang;910
202210161544;sakanews;Politik;Konflik antar Pendukung Parpol Terkait Pemilu;Wabup Asahan Lepas Jalan Sehat Gebyar HUT Partai Golkar;101
202210152109;sakanews;Politik;Konflik  antar Pendukung Parpol terkait Pemilu;24 Paprpol Ikuti Sosialisasi Verifikasi Faktual KPU Pringsewu;102
202210132235;sakanews;Politik;Konflik antar Pendukung Parpol Terkait Pemilu;Hadapi Verifikasi Faktual, PKP Asahan Rapat Koordinasi;103
202209091941;sakanews;Politik;Konflik antar Pendukung Parpol Terkait Pemilu;Hari Jadi ke-21 Tahun, Demokrat Pesawaran Berbagi;104
202209071042;sakanews;Politik;Konflik antar Pendukung Parpol Terkait Pemilu;Pemprov Lampung Bahas Anggaran Penyelenggaraan Pilkada Serentak Tahun 2024;105
202209062024;sakanews;Politik;Konflik Kelompok Kepentingan di luar Paprpol;Puan PAN Pesawaran Beri Bantuan Penderita Gagal Ginjal;106
202209021803;sakanews;Politik;Konflik Kelompok Kepentingan di luar Paprpol;Gubernur Arinal Hadiri Rakerda DPD PDIP Lampung;107
202208251251;sakanews;Politik;Konflik antar Pendukung Parpol Terkait Pemilu;Puan Maharani Kunjungi Pesawaran Tanyakan Keluhan Nelayan;108
202208241948;sakanews;Politik;Konflik antar Pendukung Parpol Terkait Pemilu;Strategi Demokrat Lampung Hadapi Pemilu 2024;109
202208051909;sakanews;Politik;Konflik Kelompok Kepentingan di luar Paprpol;Dapat Rejeki dari Hasil Panen, Paisaludin Berbagi 136 Paket Sembako;110
202104051059;tribunpekanbaru;Politik;Konflik Kelompok Kepentingan di luar Paprpol;Jarang Terdengar, Putra Megawati Ini Jarang Tersorot, Prananda Prabowo Bantu Mega di Balik Layar;1101
202102011653;tribunpekanbaru;Politik;Konflik antar Pendukung Parpol Terkait Pemilu;KUDETA? AHY Urai Ada Gerakan Politik Ambil Alih Kepemimpinan Demokrat,Sebut 5 Orang, Siapa?;1102
202012121737;tribunpekanbaru;Politik;Konflik Kelompok Kepentingan di luar Paprpol;Mbak You Ramal Pergantian Presiden, Politik Memanas, Hingga Warga Jakarta Diminta Waspada Tahun 2021;1103
202009172157;tribunpekanbaru;Politik;Konflik Kelompok Kepentingan di luar Paprpol;LAM Riau Seolah Menuding KAMI Provokator dan Buat Gaduh, Presidium KAMI Berikan Penjelasan Menohok;1104
202009172157;tribunpekanbaru;Politik;Kebijakan Internasional;Makan Malam Berakhir Petaka, 5 Pejabat Korut Dihukum Mati Kim Jong Un, Keluarga Dipenjara Politik;1105
202009171102;tribunpekanbaru;Politik;Konflik Kelompok Kepentingan di luar Paprpol;Bupati Meranti Irwan Nasir Ingin Berhenti dari Dunia Politik, Tak Mau Lagi Jadi Ketua PAN Riau;1106
202009150027;tribunpekanbaru;Politik;Konflik antar Pendukung Parpol Terkait Pemilu;Karir Politik Ponakan Prabowo Rahayu Saraswati Menanjak, Jabat Waketum Gerindra, Ini Sosoknya;1107
202009012031;tribunpekanbaru;Politik;Konflik antar Pendukung Parpol Terkait Pemilu;Bakal Calon Bupati Ini Menangis Saat Deklarasi, Ingat Anaknya yang Berbeda Kubu di Pilkada Semarang;1108
202008271758;tribunpekanbaru;Politik;Konflik antar Pendukung Parpol Terkait Pemilu;POLEMIK Partai Golkar Pekanbaru: Sekretaris DPD II Dicopot Tanpa Sebab-SOKSI Tolak Pelaksanaan Musda;1109
202008191542;tribunpekanbaru;Politik;Konflik antar Pendukung Parpol Terkait Pemilu;Dibuka! Kandidat Ketua untuk Bertarung pada Musda DPD II Partai Golkar Pekanbaru;1110
202210100855;lensabangkabelitung;Politik;Konflik Kelompok Kepentingan di luar Paprpol;Soal Nasib Pegawai Kontrak Kegiatan, Bupati Bateng Janji Upayakan Yang Terbaik;1201
202210041433;lensabangkabelitung;Politik;Konflik Kelompok Kepentingan di luar Paprpol;Peserta Seleksi Calon Staf Sekretariat Panwaslu Bangka Tengah Jalani Tes Tertulis;1202
202210031204;lensabangkabelitung;Politik;Konflik Kelompok Kepentingan di luar Paprpol;DPRD Bangka Barat Proses Perda Inisiatif Terkait Retribusi Persetujuan Pembangunan Gedung di 2022;1203
202210241129;lensabangkabelitung;Politik;Konflik Kelompok Kepentingan di luar Paprpol;Menjelang Tahun Politik, BKPSDM Harapkan Netralitas PNS dan PHL Bangka Barat;1204
202210241129;lensabangkabelitung;Politik;Konflik Kelompok Kepentingan di luar Paprpol;Nama Dicatut Partai Politik, 73 Warga Bangka Barat Datangi KPU Laporkan Keberatan;1205
202209220923;lensabangkabelitung;Politik;Konflik Kelompok Kepentingan di luar Paprpol;Tahapan Pemilu 2024 Dimulai, Bawaslu Bangka Tengah Buka Rekrutmen Anggota Panwascam;1206
202208121157;lensabangkabelitung;Politik;Konflik Kelompok Kepentingan di luar Paprpol;Pimpin Upacara HUT RI, Bupati Bateng Minta Masyarakat Kenang Jasa Pahlawan;1207
202209231437;lensabangkabelitung;Politik;Konflik Kelompok Kepentingan di luar Paprpol;Komisi I DPRD Belitung Kunker ke Diskominfosta Bangka Tengah;1208
202209201014;lensabangkabelitung;Politik;Konflik Kelompok Kepentingan di luar Paprpol;Pemkab Bangka Tengah Sampaikan 3 Raperda Baru ke DPRD;1209
202208171146;lensabangkabelitung;Politik;Konflik antar Pendukung Parpol Terkait Pemilu;Kader PKS Bangka Tengah Ikuti Upacara Bendera HUT RI ke-77;1210
202210241954;Indonesiainteraktif;Politik;Konflik antar Pendukung Parpol Terkait Pemilu;Elektabilitas Hantu Demokrasi: Sebuah Catatan Atas Dipilihnya Anies Baswedan Sebagai Calon Presiden Partai Nasdem;1301
202210210152;Indonesiainteraktif;Politik;Konflik antar Pendukung Parpol Terkait Pemilu;Presiden Joko Widodo: Saya Yakin Golkar Tidak Sembrono Mendeklarasikan Capres dan Cawapres;1302
202210082154;Indonesiainteraktif;Politik;Konflik Kelompok Kepentingan di luar Paprpol;Empat Orang Mantan Jenderal TNI Datangi Rumah Suharto Ketua DPD Partai Gerindra Provinsi Bengkulu, Ada Apa ?;1303
202210082200;Indonesiainteraktif;Politik;Konflik antar Pendukung Parpol Terkait Pemilu;Sayap Perjuangan Partai Gerindra, Purnawirawan Penjuang Indonesia Raya Korwil Bengkulu Dikukuhkan Oleh Letjen (Purn) Nugroho Widyotomo;1304
202209291023;Indonesiainteraktif;Politik;Konflik antar Pendukung Parpol Terkait Pemilu;Prabowo Subianto Calon Presiden dari Partai Gerindra Terima Empat Bintang Tanda Kehormatan Dari Negara;1305
202209290815;Indonesiainteraktif;Politik;Konflik antar Pendukung Parpol Terkait Pemilu;Suharto Lantik Dewan Pimpinan Cabang (DPC) dan Pimpinan Anak Cabang (PAC) Partai Gerindra Kabupaten Kepahiang;1306
202209261045;Indonesiainteraktif;Politik;Konflik antar Pendukung Parpol Terkait Pemilu;Prabowo Subianto Calon Presiden Luar Biasa !!!, ?Damaikan? Andika Perkasa dan Dudung Abdurrachman;1307
202209241508;Indonesiainteraktif;Politik;Konflik Kelompok Kepentingan di luar Paprpol;Menhan Prabowo Wakili Jokowi ke Muktamar Persis di Bandung;1308
202209241530;Indonesiainteraktif;Politik;Konflik antar Pendukung Parpol Terkait Pemilu;GP Mania: Kami Akan Dukung Prabowo Jika Ganjar Tidak Dapat Tiket Capres, Beliau Berintegritas Dan Bersih;1309
202209231023;Indonesiainteraktif;Politik;Konflik antar Pendukung Parpol Terkait Pemilu;46 Tahun Lalu Prabowo Pernah Kunjungi Ponpes API Asri Tegalrejo, Magelang. Prabowo: Dulu Belum Minta Doa Jadi Presiden;1310
202210161308;jambiprima;Politik;Konflik Kelompok Kepentingan di luar Paprpol;Jalan Sehat Bersama Golkar Tebo Sukses Digelar, Ini Kata Khalis Mustiko;1401
202210161344;jambiprima;Politik;Konflik antar Pendukung Parpol Terkait Pemilu;Airlangga Hartarto Presiden 2024 Menggema di Jambi, 16 Ribu Masyarkat Ikuti Jalan Sehat HUT Golkar k;1402
202208191831;jambiprima;Politik;Konflik antar Pendukung Parpol Terkait Pemilu;Robby Nahkodai Nasdem Tanjab Timur;1403
202210071803;jambiprima;Politik;Konflik Kelompok Kepentingan di luar Paprpol;Khalis Mustiko Hadiri Maulid Nabi di Masjid Nurul Ikhlas Tebo Tengah;1404
202210052048;jambiprima;Politik;Konflik antar Pendukung Parpol Terkait Pemilu;Cek Endra Tegaskan Fikar Azami Harus Jadi Wali Kota Sungaipenuh 2024;1405
202210051603;jambiprima;Politik;Konflik antar Pendukung Parpol Terkait Pemilu;Layakkah Mantan Napi Pimpin Partai ?;1406
202209291947;jambiprima;Politik;Konflik antar Pendukung Parpol Terkait Pemilu;Demokrat Jambi Siap Menangkan Pileg dan Pilpres 2024;1407
202209211822;jambiprima;Politik;Konflik antar Pendukung Parpol Terkait Pemilu;Ansori dan Harrifar Lakukan Pertemuan;1408
202209151752;jambiprima;Politik;Konflik antar Pendukung Parpol Terkait Pemilu;DPC PD Demokrat Muarojambi Siap Menangkan AHY di Pemilu 2024;1409
202209111317;jambiprima;Politik;Konflik antar Pendukung Parpol Terkait Pemilu;Bakomstra Demokrat Muarojambi Terus Bangun Komunikasi untuk Kemenangan Pemilu 2024;1410
202210120905;suarakalbar;Politik;Konflik antar Pendukung Parpol Terkait Pemilu;Cornelis dan Karolin Berikan Sosialisasi dan Pendidikan Pemilih Pemilu 2024 Bagi Pemilih Pemula;1501
202209242058;suarakalbar;Politik;Konflik Kelompok Kepentingan di luar Paprpol;Jadi Pembicara MPAB PMKRI Pontianak, Karolin: Saya Berpolitik untuk Kemanusiaan;1502
202209222058;suarakalbar;Politik;Konflik Kelompok Kepentingan di luar Paprpol;Hadiri Rakor Kepala Daerah PDIP, Karolin: Jagung jadi Makanan Pendamping Beras;1503
202209161405;suarakalbar;Politik;Konflik antar Pendukung Parpol Terkait Pemilu;Rakercab PDIP Landak, Karolin: Kita Jangan Mau di Adu Domba;1504
202209151410;suarakalbar;Politik;Konflik antar Pendukung Parpol Terkait Pemilu;Buka Rakercab PDIP Bengkayang, Karolin Ingatkan 5 Mantap Partai;1505
202209141648;suarakalbar;Politik;Konflik antar Pendukung Parpol Terkait Pemilu;Karolin: Kader PDIP Sambas Harus Turun Kelapangan Bantu Masyarakat;1506
202209131329;suarakalbar;Politik;Konflik antar Pendukung Parpol Terkait Pemilu;Karolin Minta Perkuat Badan dan Sayap Partai PDIP Kota Singkawang;1507
202209130905;suarakalbar;Politik;Konflik antar Pendukung Parpol Terkait Pemilu;Bawaslu Sekadau segera Bentuk Panwascam Pemilu 2024;1508
202209121502;suarakalbar;Politik;Konflik antar Pendukung Parpol Terkait Pemilu;Karolin Resmi Buka Rakercab PDI Perjuangan Kota Pontianak;1509
202209101839;suarakalbar;Politik;Konflik antar Pendukung Parpol Terkait Pemilu;Golkar Bengkayang Gelar Karakterdes Zona II, Syamsul Rizal Sebut Istilah Sekasur, Sedapur dan Sesumur;1510
202210081040;rakyatkaltara;Politik;Konflik Kelompok Kepentingan di luar Paprpol;Evaluasi Kerja Sama Antardaerah;1601
202210050156;rakyatkaltara;Politik;Konflik Kelompok Kepentingan di luar Paprpol;Lakukan Job Fit untuk Tiga Jabatan;1602
202210050145;rakyatkaltara;Politik;Konflik Kelompok Kepentingan di luar Paprpol;Perbaikan Kondisi Infrastruktur Jadi Atensi;1603
202209271238;rakyatkaltara;Politik;Konflik Kelompok Kepentingan di luar Paprpol;ASN Harus Susun Perencanaan;1604
202209240943;rakyatkaltara;Politik;Konflik Kelompok Kepentingan di luar Paprpol;Pola Pemberdayaan Hutan Sosial;1605
202209230231;rakyatkaltara;Politik;Konflik Kelompok Kepentingan di luar Paprpol;Bangun Pusat Pemerintahan KTT, Dibutuhkan Duit Rp 365 Miliar;1606
202209120139;rakyatkaltara;Politik;Konflik Kelompok Kepentingan di luar Paprpol;Perbaikan Jalan Diusulkan dari APBN;1607
202209070103;rakyatkaltara;Politik;Kebijakan Internasional;Bersinergi Bangun Pesisir Perbatasan;1608
202209031304;rakyatkaltara;Politik;Konflik Kelompok Kepentingan di luar Paprpol;Tiga Kepala OPD Purna Tugas;1609
202209010242;rakyatkaltara;Politik;Konflik Kelompok Kepentingan di luar Paprpol;Di Bulungan Penyerapan PAD Belum Optimal, Harapkan Penarikan Pajak secara Elektronik;1610
202210041305;banuatoday;Politik;Konflik antar Pendukung Parpol Terkait Pemilu;Ini Pemenang Lomba Festival Layangan Partai Demokrat di Balangan;1701
202210041310;banuatoday;Politik;Konflik antar Pendukung Parpol Terkait Pemilu;Jalin Silaturahmi, PDIP dan Partai Demokrat Balangan Melakukan Pertemuan;1702
202209260715;banuatoday;Politik;Konflik antar Pendukung Parpol Terkait Pemilu;Bawaslu Balangan Sosialisasikan Pengawasan Penyelenggaraan Pemilu Partisipatif;1703
202209161806;banuatoday;Politik;Konflik Kelompok Kepentingan di luar Paprpol;Aliansi Pemerhati Pembangunan Sampaikan Aspirasi ke DPRD Kapuas;1704
202209021405;banuatoday;Politik;Konflik antar Pendukung Parpol Terkait Pemilu;Peringati Harjad ke-21, DPC Partai Demokrat Balangan Gelar Kejuaraan Bola Voli se-Balangan;1705
202208271545;banuatoday;Politik;Konflik antar Pendukung Parpol Terkait Pemilu;Anggota DPRD Banjarmasin, Sukhrowardi: Generasi Muda Memiliki Peran Penting Sukseskan Pemilu 2024;1706
202208071307;banuatoday;Politik;Konflik antar Pendukung Parpol Terkait Pemilu;DPD KMK Kalsel Siap Dukung Tahapan Pemilu 2024 Berjalan Kondusif;1707
202209101337;banuatoday;Politik;Konflik antar Pendukung Parpol Terkait Pemilu;Cuaca Hujan Tidak Menyurutkan Semangat Kader Rayakan HUT Partai Demokrat Balangan;1708
202209131437;banuatoday;Politik;Konflik antar Pendukung Parpol Terkait Pemilu;200 Peserta Lomba Layangan, Ramaikan HUT Partai Demokrat Balangan;1709
202209101345;banuatoday;Politik;Konflik antar Pendukung Parpol Terkait Pemilu;Relawan Des Ganjar Kalsel Deklarasikan Dukungan 'Ganjar Pranowo Presiden 2024;1710
202210071819;kaltimtribun;Politik;Konflik Kelompok Kepentingan di luar Paprpol;Wagub Kaltim Hadi Mulyadi Imbau ASN Tidak Ikut-Ikutan Berpolitik dan Diminta Netral;1801
202209122247;kaltimtribun;Politik;Kebijakan Internasional;Pakar Sebut Menko Airlangga Pimpin Indonesia Bangun Diplomasi Politik dan Ekonomi di IPEF;1802
202209090911;kaltimtribun;Politik;Konflik Kelompok Kepentingan di luar Paprpol;Kebocoran Data Warga Ramai Disorot, Rocky Gerung: Bisa Saja Disalahgunakan untuk Kepentingan Politik;1803
202209051046;kaltimtribun;Politik;Konflik Kelompok Kepentingan di luar Paprpol;Rocky Gerung Blak-blakan Soal Polri Dikendalikan oleh Politik, Buntut Kasus Ferdy Sambo;1804
202208170941;kaltimtribun;Politik;Konflik antar Pendukung Parpol Terkait Pemilu;KIB Launching Visi-Misi, Pengamat: Politik Gagasan, Bukan Politik Catwalk;1805
202208071612;kaltimtribun;Politik;Konflik antar Pendukung Parpol Terkait Pemilu;Keterlibatan Legislator Perempuan di Kutim Masih Rendah, Aji Mawar Ajak Perempuan Melek Politik;1806
202208011110;kaltimtribun;Politik;Konflik antar Pendukung Parpol Terkait Pemilu;Sukmawati Ajak Perempuan Paser Berpartisipasi di Politik;1807
202207162126;kaltimtribun;Politik;Konflik antar Pendukung Parpol Terkait Pemilu;HASIL SURVEI Terbaru Beber Elektabilitas Prabowo Turun, Ganjar & Anies Teratas di Bursa Capres 2024;1808
202206230512;kaltimtribun;Politik;Konflik antar Pendukung Parpol Terkait Pemilu;Nasdem dan PKS Resmi Jalin Kerjasama Pilpres 2024, Hari Ini Surya Paloh Bertemu Demokrat AHY;1809
202205221832;kaltimtribun;Politik;Konflik antar Pendukung Parpol Terkait Pemilu;Nama Ganjar Pranowo Terseret Kader PDIP Bermain 2 Kaki? Megawati Teriak 'Keluar', Ini Kata Hasto;1810
202210130906;beritamenado;Politik;Konflik antar Pendukung Parpol Terkait Pemilu;Pemilu 2024, Sumitro Jacobus: Konsolidasi Tingkat Ranting Sebagai Pilar Kekuatan;1901
202210121307;beritamenado;Politik;Konflik Kelompok Kepentingan di luar Paprpol;Olly Dondokambey Gaungkan Semangat Mapalus, Ruben Saerang: Wajib Dimiliki Calon Pemimpin 2024;1902
202210101848;beritamenado;Politik;Konflik antar Pendukung Parpol Terkait Pemilu;ABJ: Jokowi Buktikan Sangat Firm dan Solid bersama Megawati;1903
202210101505;beritamenado;Politik;Konflik antar Pendukung Parpol Terkait Pemilu;Golkar Tolak Kode Puan Maharani, ?Kami Ingin Airlangga Hartarto Jadi Capres?;1904
202210091622;beritamenado;Politik;Konflik antar Pendukung Parpol Terkait Pemilu;Diusung PSI untuk Capres, Ganjar Pranowo: PSI Siapa? PSSI Kali;1905
202210081457;beritamenado;Politik;Konflik Kelompok Kepentingan di luar Paprpol;KPU Sulut Harapkan Insan Pers Konsisten dengan Jurnalisme Damai;1906
202210081408;beritamenado;Politik;Konflik antar Pendukung Parpol Terkait Pemilu;Silaturahmi Puan Maharani dan Airlangga Hartarto, Olly Dondokambey Disebut Pemberi Dorongan Motivasi;1907
202210051508;beritamenado;Politik;Konflik antar Pendukung Parpol Terkait Pemilu;Bawaslu Minahasa Tenggara Ingatkan ASN Soal Netralitas di Pemilu 2024;1908
202210041632;beritamenado;Politik;Konflik antar Pendukung Parpol Terkait Pemilu;Aktivis Radinal Muhdar Soroti Golongan Putih di Sulut, Tegaskan Ini ke Penyelenggara Pemilu;1909
202210041617;beritamenado;Politik;Konflik antar Pendukung Parpol Terkait Pemilu;Ketua Bawaslu Sulut Ardiles Mewoh Dorong Keterlibatan Perempuan dalam Pengawasan Pemilu;1910
202210231616;makasarterkini;Politik;Konflik antar Pendukung Parpol Terkait Pemilu;Ketum PDIP Megawati ke Para Kader: Sabar, Jangan Terpengaruh Oleh Berbagai Hiruk-Pikuk Politik;2001
202209242152;makasarterkini;Politik;Konflik antar Pendukung Parpol Terkait Pemilu;Ketum Demokrat Sebut SBY Sosok Presiden Hebat, Emrus Sihombing: Pola Komunikasi AHY Tidak Dewasa;2002
202210132138;makasarterkini;Politik;Konflik antar Pendukung Parpol Terkait Pemilu;Susilo Bambang Yudhoyono Risau, Anies Baswedan dipanggil KPK;2003
202209150840;makasarterkini;Politik;Konflik antar Pendukung Parpol Terkait Pemilu;Cuma Bercanda, Eko Kuntadhi Minta Maaf;2004
202209230040;makasarterkini;Politik;Konflik antar Pendukung Parpol Terkait Pemilu;Ari Nurcahyo Sebut Tiga Nama Non Partai Ini Layak Jadi Capres 2024;2005
202209221816;makasarterkini;Politik;Konflik antar Pendukung Parpol Terkait Pemilu;Mahfud MD Ungkap Pemilu diwarnai Kecurangan, Mahfud MD : Pada Zaman Pak SBY;2006
202209212015;makasarterkini;Politik;Konflik antar Pendukung Parpol Terkait Pemilu;Desmond Gerindra Sebut Presiden Jokowi Cari Selamat Soal Endorse Pilpres!;2007
202209182021;makasarterkini;Politik;Konflik antar Pendukung Parpol Terkait Pemilu;Anies Ngaku Siap Jadi Capres 2024, Grace Natalie: Tidak Mungkin PSI Dukung!;2008
202209181925;maksarterkini;Politik;Konflik antar Pendukung Parpol Terkait Pemilu;Singgung Pemilu 2024, SBY : Tanda-Tanda Pemilu 2024 Bisa Tidak Jujur dan Tidak Adil;2009
202209181433;makasarterkini;Politik;Konflik antar Pendukung Parpol Terkait Pemilu;Megawati Soekarnoputri, Mengusulkan Agar Nomor Urut Pemilu Tidak diubah;2010
202210211436;mandarnews;Politik;Konflik Kelompok Kepentingan di luar Paprpol;Pemkab Serahkan Bantuan ke GPIB Jemaat Immanuel Majene;2101
202210201236;mandarnews;Politik;Konflik Kelompok Kepentingan di luar Paprpol;Kajari Majene Buka Sosialisasi Terpadu Program JKN-KIS;2192
202210201406;mandarnews;Politik;Konflik Kelompok Kepentingan di luar Paprpol;Pemkab Majene Raih Predikat Opini WTP untuk yang Ketujuh Kalinya;2103
202210181436;mandarnews;Politik;Konflik Kelompok Kepentingan di luar Paprpol;FKP2M-KR Bersama G2M Kallan Talopa Makassar Serahkan Perlengkapan Sekolah Bagi Korban Banjir Bandang di Mamuju;2104
202210131436;mandarnews;Politik;Konflik Kelompok Kepentingan di luar Paprpol;DP Pinrang Studi Banding ke DP Majene;2105
202210121436;mandarnews;Politik;Konflik Kelompok Kepentingan di luar Paprpol;Menteri Sandiaga Salahuddin Uno Kunjungi Desa Wisata Tondok Bakaru;2106
202210121606;mandarnews;Politik;Konflik antar Pendukung Parpol Terkait Pemilu;KPU Majene Gelar Rapat Koordinasi Jelang Verifikasi Faktual;2107
202210101830;mandarnews;Politik;Konflik antar Pendukung Parpol Terkait Pemilu;KPU Polman Gelar Rakor Persiapan Verifikasi Faktual Calon Peserta Pemilu;2108
202210101850;mandarnews;Politik;Konflik Kelompok Kepentingan di luar Paprpol;SPMM Kembali Desak Pemkab dan DPRD Majene;2109
202204121306;mandarnews;Politik;Konflik Kelompok Kepentingan di luar Paprpol;Usai Dilantik Presiden Joko Widodo, KSP : Komisioner KPU-Bawaslu 2022-2027 Segera Mitigasi Berbagai Masalah Pemilu;2110
202210201050;sultrakini;Politik;Konflik antar Pendukung Parpol Terkait Pemilu;Youtuber Ini Jadi Ketua Pemuda Perindo Sultra;2201
202210191207;sultrakini;Politik;Konflik antar Pendukung Parpol Terkait Pemilu;Gandeng Dikbud Konawe, KPU Mengenalkan Demokrasi Sejak Dini Menuju Pemilu 2024anita Pilkades di Konawe Diharapkan Bersifat Netral, Idenpedent dan Kredibilitas;2202
202210261450;sultrakini;Politik;Konflik antar Pendukung Parpol Terkait Pemilu;Golkar Cup I Kaledupa Perebutkan Total Hadiah 100 Juta;2203
202210171450;sultrakini;Politik;Konflik antar Pendukung Parpol Terkait Pemilu;Verifikasi Faktual Partai Hanura dan Perindo Sultra Dinyatakan Sesuai;2204
202210160945;sultrakini;Politik;Konflik antar Pendukung Parpol Terkait Pemilu;KPU Sultra Temukan Ini Ketika Verifikasi Faktual Partai Gelora;2205
202210111250;sultrakini;Politik;Konflik antar Pendukung Parpol Terkait Pemilu;Said Abdullah Sebut DPP PDI-P Tunggu Momentum Tepat untuk Pencapresan;2206
202210171450;sultrakini;Politik;Konflik antar Pendukung Parpol Terkait Pemilu;KPU Verifikasi Faktual Partai Perindo Kendari;2207
202210221305;sultrakini;Politik;Konflik antar Pendukung Parpol Terkait Pemilu;Panita Pilkades di Konawe Diharapkan Bersifat Netral, Idenpedent dan Kredibilitas;2208
202210241450;sultrakini;Politik;Konflik antar Pendukung Parpol Terkait Pemilu;Herry Asiku akan ?Bertarung? di Pemilihan DPR pada 2024;2209
202208201007;sultrakini;Politik;Konflik antar Pendukung Parpol Terkait Pemilu;PAN Sultra Susun Strategi Menuju Pemilu 2024;2210
202210071055;terasmaluku;Politik;Konflik antar Pendukung Parpol Terkait Pemilu;KPU Maluku,Tak Ada Perubahan UU Pemilu 2024 Hanya Pada Keputusan MK;2301
202210051011;terasmaluku;Politik;Konflik Kelompok Kepentingan di luar Paprpol;Banggar DPRD Maluku : Butuh Anggaran Besar Pengadaan Mobil Listrik Operasional OPD;2302
202209301450;terasmaluku;Politik;Konflik Kelompok Kepentingan di luar Paprpol;Hari Kesaktian Pancasila, Anggota DPRD Maluku Ajak Generasi Muda Pegang Teguh Nilai Pancasila;2303
202209301015;terasmaluku;Politik;Konflik Kelompok Kepentingan di luar Paprpol;DPRD Maluku Hadirkan Pemilik HPH dan PD Panca Karya;2304
202209220945;terasmaluku;Politik;Konflik Kelompok Kepentingan di luar Paprpol;Anggota DPRD : Pemanfaatan Pangan Lokal Bantu Antisipasi Laju Inflasi di Maluku;2305
202210201145;terasmaluku;Politik;Konflik Kelompok Kepentingan di luar Paprpol;Perjuangkan Kecamatan Ukar Sengan, Anggota DPRD SBT Hasan Day Minta Dukungan Masyarakat;2306
202210181235;terasmaluku;Politik;Konflik Kelompok Kepentingan di luar Paprpol;Demo Warga, DPRD Maluku Fasilitasi Tuntutan Pembuatan Pos Pengamanan Cegah Konflik;2307
202210120535;terasmaluku;Politik;Konflik Kelompok Kepentingan di luar Paprpol;elawan BETA Suka Anies AHY Dideklarasikan di Ambon;2308
202210142010;terasmaluku;Politik;Konflik Kelompok Kepentingan di luar Paprpol;Tersisa Dua Bulan, DPRD Maluku Baru Agendakan Pembahasan APBD Perubahan 2022;2309
202210090645;terasmaluku;Politik;Konflik Kelompok Kepentingan di luar Paprpol;Anggota DPRD Maluku : Tawuran Pelajar Jangan Digiring ke Bentrok Antar Kampung;2310
202209061451;terasmaluku;Politik;Konflik Kelompok Kepentingan di luar Paprpol;DPRD Maluku Ajak Pemda Bentuk Satgas Awasi Penyaluran BBM Subsidi;2401
202208301705;terasmaluku;Politik;Konflik Kelompok Kepentingan di luar Paprpol;Terima LPJ, DPRD Maluku Tetapkan Perda Laporan Pelaksanaan APBD 2021;2402
202208294503;terasmaluku;Politik;Konflik Kelompok Kepentingan di luar Paprpol;SDPRD Maluku Minta Distribusi BBM Bersubsidi Diawasi Ketat;2403
202208290904;terasmaluku;Politik;Konflik Kelompok Kepentingan di luar Paprpol;Tempat Viral, Anggota DPRD Minta Tersangka Pemerkosa Lima Anak Kandung dan 2 Cucunya Dihukum Berat;2404
202208291208;terasmaluku;Politik;Konflik Kelompok Kepentingan di luar Paprpol;Empat Fraksi DPRD SBB Tolak LPJ Bupati Atas Penggunaan APBD 2021;2405
202209271451;terasmaluku;Politik;Konflik Kelompok Kepentingan di luar Paprpol;Komisi IV DPRD Maluku Perjuangkan Perbaikan SMA Negeri 22 Malteng Yang Rusak;2406
202209221009;terasmaluku;Politik;Konflik Kelompok Kepentingan di luar Paprpol;Fraksi PKS DPRD SBT Tolak Kenaikan Harga BBM;2407
202209091750;terasmaluku;Politik;Konflik Kelompok Kepentingan di luar Paprpol;Anggota DPRD Maluku : Penggunaan Pangan Lokal Harus Diiringi Intervensi Program;1208
202209071854;terasmaluku;Politik;Konflik Kelompok Kepentingan di luar Paprpol;Presiden Jokowi Harap PPP Selesaikan Masalah Internal Lebih Dulu, Baru Bicara Ini;2409
202209071945;terasmaluku;Politik;Konflik Kelompok Kepentingan di luar Paprpol;Fraksi PKS DPRD Maluku Tolak Kenaikan Harga BBM Subsidi;2410
202210231642;Victorynews;Politik;Konflik antar Pendukung Parpol Terkait Pemilu;NasDem Buka Peluang Koalisi dengan Parpol Lain dalam Pilpres 2024, Demokrat dan PKS Ancang-ancang;2501
202210221325;Victorynews;Politik;Konflik antar Pendukung Parpol Terkait Pemilu;Presiden Jokowi Yakin Partai Golkar Teliti dan Hati-hati Deklarasi Capres Pemilu 2024;2502
202210221314;Victorynews;Politik;Konflik antar Pendukung Parpol Terkait Pemilu;Ditanya Soal Namanya Masuk Bursa Cawapres 2024, Panglima TNI Andika Perkasa : Waduh;2503
202210201925;Victorynews;Politik;Konflik antar Pendukung Parpol Terkait Pemilu;Menkumham Yasonna Laoly: Politik Identitas Harus Dilebur Jadi Politik Kebangsaan yang Tidak Egoisme;2504
202210200530;Victorynews;Politik;Konflik Kelompok Kepentingan di luar Paprpol;Gubernur NTT Minta Kaum Bapak Harus Beri Solusi untuk Masalah Rakyat;2505
202210172102;Victorynews;Politik;Kebijakan Internasional;Senang Lepas PMI ke Korea Selatan, Presiden Joko Widodo Sebut Alasan Tegas!;2506
202210132031;Victorynews;Politik;Konflik Kelompok Kepentingan di luar Paprpol;Antisipasi Konten Negatif jelang Pemilu 2024, Kemkominfo RI Miliki Tiga Lapis Sistem Pemantauan Ruang Digital;2507
202210131804;Victorynews;Politik;Konflik Kelompok Kepentingan di luar Paprpol;Kemkominfo RI Bentuk Satgas untuk Memantau Ruang Digital jelang Pemilu 2024;2508
202210231922;Victorynews;Politik;Kebijakan Internasional;KNPI Kecam Australia Usai Klaim Pulau Pasir di Rote Ndao Provinsi NTT;2509
202210101439;Victorynews;Politik;Konflik antar Pendukung Parpol Terkait Pemilu;Sekjen PDIP Sebut Warna Biru Sudah Lepas dari Pemerintahan Jokowi, Punya Capres Sendiri;2510
202210112212;poskotantb;Politik;Konflik Kelompok Kepentingan di luar Paprpol;Bupati KSB Ingatkan Penyelenggara dan Para Calon Kepala Desa Harus Taat Prelosedur;2601
202210132219;poskotantb;Politik;Konflik Kelompok Kepentingan di luar Paprpol;Jalin Sinergitas: MPW NTB dan MPC Pemuda Pancasila Silaturrahmi ke DPRD Kabupaten Sumbawa;2602
202210092218;poskotantb;Politik;Konflik Kelompok Kepentingan di luar Paprpol;Segudang Prestasi dan Sederet Jabatan Penting, Dae Iwan Layak Jadi Bupati Dompu;2603
202209282222;poskotantb;Politik;Konflik antar Pendukung Parpol Terkait Pemilu;DPP BERGERAK Loyal Dukung Anies Baswedan Capres 2024;2604
202209263224;poskotantb;Politik;Konflik Kelompok Kepentingan di luar Paprpol;Ketua DPRD KLU Berbagi Pengalaman Legislator di FISIP UMMAT;2605
202209242227;poskotantb;Politik;Konflik Kelompok Kepentingan di luar Paprpol;Ciptakan Pilkades Kondusif,Tujuh Bakal Calon Kades Mantun Gelar Deklarasi Damai;2606
202209212232;poskotantb;Politik;Konflik antar Pendukung Parpol Terkait Pemilu;Basis Massa Jelas,NasDem Optimis 2024 Dulang Suara Melebihi Target;2607
202209191405;poskotantb;Politik;Konflik antar Pendukung Parpol Terkait Pemilu;TGB Himbau Pengurus NWDI se Indonesia Berkolaborasi dengan Perindo;2608
202209142117;poskotantb;Politik;Konflik antar Pendukung Parpol Terkait Pemilu;DPC Demokrat Loteng,Janji Bawa Aspirasi Masyarakat Loteng Dalam Agenda Rapimnas 2022;2609
202210132243;poskotantb;Politik;Konflik antar Pendukung Parpol Terkait Pemilu;Atmosfir Pilkada Memanas, Fud Syaifuddin Segera Umumkan Calon Pendamping.;2610
202210021337;kabarpapua;Politik;Konflik antar Pendukung Parpol Terkait Pemilu;Demokrat Incar Suara Milenial di Pemilu 2024, Ketua DPRD Yapen: Optimis 90 Persen;2701
202209280030;kabarpapua;Politik;Konflik antar Pendukung Parpol Terkait Pemilu;Airlangga-Puan, Dijadwalkan Bertemu Pekan Depan;2702
202209270228;kabarpapua;Politik;Konflik antar Pendukung Parpol Terkait Pemilu;CSIS: Golkar Populer di Kalangan Pemilih Pemula, Dibanding PDIP, Gerindra dan Demokrat;2703
202209251002;kabarpapua;Politik;Konflik antar Pendukung Parpol Terkait Pemilu;Kompak, Dandim Jayawijaya dan Forkopimda Jaga Stabilitas Keamanan Pemilu 2024;2704
202209242012;kabarpapua;Politik;Konflik antar Pendukung Parpol Terkait Pemilu;Legislator NasDem Yapen Optimis Mampu Tingkatkan Kursi di Pemilu 2024;2705
202209220944;kabarpapua;Politik;Konflik antar Pendukung Parpol Terkait Pemilu;PAW DPRD Puncak Papua, Bis Lokbere Isi Kekosongan PKS;2706
202209181737;kabarpapua;Politik;Konflik antar Pendukung Parpol Terkait Pemilu;Jusuf Kalla Dukung Airlangga, Capres 2024 untuk Kemakmuran Indonesia;2707
202209121330;kabarpapua;Politik;Konflik antar Pendukung Parpol Terkait Pemilu;Mardiono: PPP Pastikan Konsolidasi KIB Jalan Terus;2708
202209090142;kabarpapua;Politik;Konflik antar Pendukung Parpol Terkait Pemilu;Cara Bawaslu Kota Jayapura Kawal Hak Pemilih Pemula Disabilitas;2709
202209050641;kabarpapua;Politik;Konflik antar Pendukung Parpol Terkait Pemilu;Pengamat: Meskipun Ada Prabowo dan Puan, Airlangga Berpeluang Menangi Pilpres;2710
202210130709;gorontalopost;Politik;Konflik antar Pendukung Parpol Terkait Pemilu;Gerindra Gorontalo, Wajib Dukung Prabowo Capres;2801
202210122359;gorontalopost;Politik;Konflik antar Pendukung Parpol Terkait Pemilu;Pemilu 2024, Perangi Hoaks, KPU Gandeng Media;2802
202210030750;gorontalopost;Politik;Konflik Kelompok Kepentingan di luar Paprpol;KAHMI Sulut Usung Dr.Taufik Calon Presidium MN;2803
202210011707;gorontalopost;Politik;Konflik antar Pendukung Parpol Terkait Pemilu;Demokrat Depak Hanura dari Fraksi;2804
202209300030;gorontalopost;Politik;Konflik antar Pendukung Parpol Terkait Pemilu;Bersama Bawaslu, Hamka Teken Pakta Integritas Netralitas ASN;2805
202209282356;gorontalopost;Politik;Konflik antar Pendukung Parpol Terkait Pemilu;Parlemen Menara Terbelah, Golkar, Nasdem, PKS Boikot APBD-P, PPP, PDIP, PAN, Demokrat Makin Solid;2806
202209282349;gorontalopost;Politik;Konflik antar Pendukung Parpol Terkait Pemilu;Motif Pencopotan Pimpinan MPR, Fadel Sebut LaNyalla Ingin jadi Presiden;2807
202209270256;gorontalopost;Politik;Konflik Kelompok Kepentingan di luar Paprpol;DPR Minta Maaf, IPW Kini Dipersilakan Masuk Lewat Pintu Depan Gedung bak Para Dewan;2808
202209220008;gorontalopost;Politik;Konflik Kelompok Kepentingan di luar Paprpol;Idris Pimpin Bawaslu Gorontalo;2809
202210142409;gorontalopost;Politik;Konflik antar Pendukung Parpol Terkait Pemilu;Pilpres 2024, Luhut Sebut Non Jawa Mustahil Jadi Presiden;2810
202210060605;beritabali;Politik;Konflik antar Pendukung Parpol Terkait Pemilu;Sandiaga Soal Dampingi Prabowo atau Anies: Ditentukan Parpol;2901
202209081535;beritabali;Politik;Konflik antar Pendukung Parpol Terkait Pemilu;Respons Sandiaga Dituding Pengkhianat Gerindra;2902
202209032256;beritabali;Politik;Konflik antar Pendukung Parpol Terkait Pemilu;Nama Warga Sipil Diduga Dipakai Parpol di Situs KPU;2903
202207191229;beritabali;Politik;Konflik antar Pendukung Parpol Terkait Pemilu;Ramai Lagi, Aldi Taher Yakin Bisa Jadi Cawapres;2904
202207061355;beritabali;Politik;Konflik antar Pendukung Parpol Terkait Pemilu;PKS Gugat UU Pemilu Terkait Presidential Threshold ke MK;2905
202206291220;beritabali;Politik;Konflik antar Pendukung Parpol Terkait Pemilu;PDIP Ungkap 3 Kader Penuhi Kriteria Capres 2024;2906
202205191535;beritabali;Politik;Konflik antar Pendukung Parpol Terkait Pemilu;Duet Prabowo-Puan dan Perjanjian Batu Tulis;2907
201912182100;beritabali;Politik;Konflik antar Pendukung Parpol Terkait Pemilu;Parpol Harus Perhatikan Penjaringan dan Penyaringan Calon Bupati dan Wali Kota;2908
201901282116;beritabali;Politik;Konflik antar Pendukung Parpol Terkait Pemilu;Antisipasi Rekrutmen Tim KPPS Partisipan Parpol, Bawaslu Bali Perketat Pengawasan di Kecamatan;2909
201901280950;beritabali;Politik;Konflik antar Pendukung Parpol Terkait Pemilu;Cok Rat Akui Banyaknya Partai Politik Saat Ini Membuat Suara Partai Terpecah;2910
202210121345;acehsatu;Politik;Konflik Kelompok Kepentingan di luar Paprpol;Ketua DPD I Partai Golkar Aceh Intruksikan Kader Golkar Aceh Utara dan Aceh Timur Bantu Korban Banjir;3001
202210081631;acehsatu;Politik;Konflik antar Pendukung Parpol Terkait Pemilu;Parlok PDA Siap Berikan Suara Untuk Caleg DPR RI dari Partai NasDem Aceh Pemilu 2024;3002
202210071735;acehsatu;Politik;Konflik antar Pendukung Parpol Terkait Pemilu;Partai NasDem, Demokrat, dan PKS Bakal Satu Aliran Sinyal dari Anies Baswedan;3003
202210061533;acehsatu;Politik;Konflik antar Pendukung Parpol Terkait Pemilu;DPD Demokrat Aceh Dukung Koalisi Anies-AHY Terwujud;3004
202210031644;acehsatu;Politik;Konflik antar Pendukung Parpol Terkait Pemilu;NasDem Resmi Usung Anies Baswedan Jadi Capres Pemilu 2024;3005
202210021412;acehsatu;Politik;Konflik antar Pendukung Parpol Terkait Pemilu;Banwaslu Akan Keluarkan SKB Untuk ASN Terkait Larangan Like, Comment dan Share di Medsos Konten Peserta Pemilu;3006
202210021231;acehsatu;Politik;Konflik antar Pendukung Parpol Terkait Pemilu;Kelompok FBI Aceh Utara Dorong Ketua KPK Firli Bahuri Maju Sebagai Capres 2024;3007
202209302158;acehsatu;Politik;Konflik antar Pendukung Parpol Terkait Pemilu;Puluhan Warga Simeulue Protes Namanya Tercantum Anggota Parpol;3008
202209261647;acehsatu;Politik;Konflik antar Pendukung Parpol Terkait Pemilu;Calon Peserta Pemilu 2024 dari Parlok PAR Kembali di Awasi Oleh Panwaslih Aceh;3009
202209221146;acehsatu;Politik;Konflik antar Pendukung Parpol Terkait Pemilu;Ada yang Jegal Prabowo Jadi Capres?;3010
202210131822;batamnews;Politik;Konflik antar Pendukung Parpol Terkait Pemilu;Target Menangkan NasDem di Pemilu 2024, Rachmat Gobel Sambangi Kepri 16 Oktober;3101
202210121130;batamnews;Politik;Konflik antar Pendukung Parpol Terkait Pemilu;Gabung PKB, Huzrin Hood dan Isdianto Bakal Maju ke DPR-RI ;3102
202210111523;batamnews;Politik;Konflik antar Pendukung Parpol Terkait Pemilu;Banyak Parpol Catut KTP, KPU RI Minta Masyarakat Jangan Sinis;3103
202210111425;batamnews;Politik;Konflik antar Pendukung Parpol Terkait Pemilu;Kabar Hengkang ke PDIP untuk Maju Pilkada Kepri, Ini Jawaban Aunur Rafiq;3104
202210101952;batamnews;Politik;Konflik antar Pendukung Parpol Terkait Pemilu;Catat! Bawaslu Lingga Umumkan Peserta Lolos Administrasi Calon Panwascam 12 Oktober;3105
202210101625;batamnews;Politik;Konflik antar Pendukung Parpol Terkait Pemilu;Persiapan Pemilih Pemula, Bupati Bintan Serahkan KTP Elektronik ke Pelajar;3106
202210091548;batamnews;Politik;Konflik antar Pendukung Parpol Terkait Pemilu;PKB Rekomendasikan Surya Makmur Nasution Calon Wali Kota Batam;3107
202210091530;batamnews;Politik;Konflik antar Pendukung Parpol Terkait Pemilu;Heboh Aunur Rafiq Kenakan Jaket Merah PDIP;3108
202210081655;batamnews;Politik;Konflik antar Pendukung Parpol Terkait Pemilu;Sarafudin Aluan Minta Maaf ke PDI-P Kepri, Soerya: Biarkan Proses Hukum Berjalan;3109
202210081523;batamnews;Politik;Konflik antar Pendukung Parpol Terkait Pemilu;Rakerda PDI Perjuangan Kepri, Soerya Respationo Maju Lagi di Pilgub 2024;3110
202207172155;sultengterkini;Politik;Konflik antar Pendukung Parpol Terkait Pemilu;DPP PKS Lakukan Verifikasi Politik Internal di Sulteng Jelang Pemilu 2024;3201
202206141113;sultengterkini;Politik;Konflik antar Pendukung Parpol Terkait Pemilu;Fraksi PAN Ingatkan Janji Politik Gubernur Sulteng Tingkatkan APBD Rp 10 Triliun;3202
202205242318;sultengterkini;Politik;Konflik antar Pendukung Parpol Terkait Pemilu;Arahan ke Plh Bupati Bangkep, Gubernur Sulteng: Lurus Saja, Jangan Terlibat Politik Praktis!;3203
202210211107;sultengterkini;Politik;Konflik Kelompok Kepentingan di luar Paprpol;Pemilu 2024 dan Pentingnya Digitalisasi Kepemiluan;3204
202210181635;sultengterkini;Politik;Konflik Kelompok Kepentingan di luar Paprpol;KPU Sulteng: Keterwakilan Perempuan di Parpol Jadi Objek Verifikasi Faktual;3205
202203120252;sultengterkini;Politik;Konflik Kelompok Kepentingan di luar Paprpol;Seminar Politik di Palu, Mahasiswa Diharap Lebih Kritis Tanggapi Berbagai Persoalan;3206
202210181616;sultengterkini;Politik;Konflik antar Pendukung Parpol Terkait Pemilu;Enos Pasaua Jaring Aspirasi Rakyat di Sigi dan Donggala;3207
202210140451;sultengterkini;Politik;Konflik antar Pendukung Parpol Terkait Pemilu;Politik Cerdas dan Hebat, Hidayat Ucapkan Selamat ke Rusdy Mastura;3208
202210141753;sultengterkini;Politik;Konflik antar Pendukung Parpol Terkait Pemilu;Marak Nama Dicatut Parpol, Bawaslu Sulteng Imbau Warga Cek di Sipol KPU;3209
202210130019;sultengterkini;Politik;Konflik Kelompok Kepentingan di luar Paprpol;KPU Sulteng Ingatkan ASN Tidak Boleh Jadi Pengurus Parpol;3210
202209301504;kaltengtoday;Politik;Konflik antar Pendukung Parpol Terkait Pemilu;Faridawaty Ajak Anak Muda Berpolitik;3301
202209290726;kaltengtoday;Politik;Konflik Kelompok Kepentingan di luar Paprpol;Mendekati Tahun Politik, Dewan Harap PNS Harus Jaga Netralitas;3302
202209250728;kaltengtoday;Politik;Konflik Kelompok Kepentingan di luar Paprpol;Mendagri: ASN Dilarang Ikut Campur Urusan Politik Praktis;3303
202209210729;kaltengtoday;Politik;Konflik antar Pendukung Parpol Terkait Pemilu;Bantuan Parpol Untuk Pendidikan Politik Kader dan Masyarakat;3304
202209200730;kaltengtoday;Politik;Konflik antar Pendukung Parpol Terkait Pemilu;SLI Menggelar Workshop Generasi Milenial Cerdas Politik;3305
202208110735;kaltengtoday;Politik;Konflik antar Pendukung Parpol Terkait Pemilu;Kesbangpol Pulang Pisau Gelar Pembinaan Partai Politik ;3306
202205200736;kaltengtoday;Politik;Konflik antar Pendukung Parpol Terkait Pemilu;Bantuan Keuangan Partai Politik Untuk Pendidikan Politik;3307
202205130817;kaltengtoday;Politik;Konflik Kelompok Kepentingan di luar Paprpol;Pensiunan ASN Jangan Takut Terjun ke Dunia Politik;3308
202204300820;kaltengtoday;Politik;Konflik antar Pendukung Parpol Terkait Pemilu;DPD PDI Perjuangan Kalteng Siap Hadapi Agenda Politik Tahun 2024;3309
202203110825;kaltengtoday;Politik;Konflik antar Pendukung Parpol Terkait Pemilu;Waket III DPRD Kalteng Ajak Kaum Perempuan Terlibat Dalam Dunia Politik;3310
202209181716;suaramandiri;Politik;Konflik antar Pendukung Parpol Terkait Pemilu;Hasil Uji Kelayakan dan Kepatuhan Calon Anggota Bawaslu Provinsi Masa Jabatan 2022-2027;3401
202209110821;suaramandiri;Politik;Konflik antar Pendukung Parpol Terkait Pemilu;DPC PPP Manokwari Dukung Kepemimpinan Plt Ketua Umum Mardiono;3402
202209041254;suaramandiri;Politik;Konflik antar Pendukung Parpol Terkait Pemilu;DPC PPP Bentuk Lembaga Pemenangan Jelang Pemilu 2024;3403
202208240730;suaramandiri;Politik;Konflik antar Pendukung Parpol Terkait Pemilu;Kader Partai Gerindra di Papua Barat Desak Copot Mohamad Lakotani;3404
202208140302;suaramandiri;Politik;Konflik antar Pendukung Parpol Terkait Pemilu;Gelar Rakor, KPU Manokwari Ingatkan Alamat Lengkap Kantor Parpol;3405
202208130737;suaramandiri;Politik;Konflik antar Pendukung Parpol Terkait Pemilu;PDI Perjuangan Komit Bangun Indonesia di Tanah Papua;3406
202208130748;suaramandiri;Politik;Konflik antar Pendukung Parpol Terkait Pemilu;Tunjukkan Nasionalisme, DPC PDI Perjuangan Kabupaten Manokwari Gelar Konvoi Merah Putih;3407
202208110440;suaramandiri;Politik;Konflik antar Pendukung Parpol Terkait Pemilu;DPC PDI Perjuangan Manokwari Berikan Makanan Tambahan Rutin Bagi Bayi dan Balita;3408
202208080835;suaramandiri;Politik;Konflik Kelompok Kepentingan di luar Paprpol;Meriahkan HUT Kemerdekaan RI, PDI Perjuangan Manokwari Gelar Lomba Dance;3409
202208080837;suaramandiri;Politik;Konflik Kelompok Kepentingan di luar Paprpol;Seribu Bendera Merah Putih dari DPC PDI Perjuangan Manokwari Untuk Indonesia;3410
